id,user_id,category_id,amount,date,description,type
5,1,30,412.09,1661727600,Transaction description5,Expense
6,1,3,107.53,1717974000,Transaction description6,Expense
7,1,10,450.46,1646179200,Transaction description7,Income
8,1,30,139.96,1673654400,Transaction description8,Expense
9,1,2,182.69,1701561600,Transaction description9,Expense
10,1,7,290.0,1712962800,Transaction description10,Income
11,1,21,264.2,1663628400,Transaction description11,Expense
12,1,17,171.34,1647043200,Transaction description12,Income
13,1,12,253.55,1714518000,Transaction description13,Income
14,1,25,256.12,1666393200,Transaction description14,Expense
15,1,20,266.94,1717887600,Transaction description15,Income
16,1,26,98.17,1700870400,Transaction description16,Expense
17,1,23,64.6,1656198000,Transaction description17,Income
18,1,10,346.39,1682463600,Transaction description18,Income
19,1,2,426.3,1644883200,Transaction description19,Expense
20,1,5,222.46,1666998000,Transaction description20,Income
21,1,24,233.55,1682895600,Transaction description21,Income
22,1,23,22.3,1654902000,Transaction description22,Income
23,1,4,215.4,1719788400,Transaction description23,Income
24,1,23,173.81,1671148800,Transaction description24,Expense
25,1,18,209.84,1681081200,Transaction description25,Income
26,1,12,156.44,1691535600,Transaction description26,Income
27,1,12,279.27,1711324800,Transaction description27,Expense
28,1,19,143.44,1726700400,Transaction description28,Income
29,1,8,221.75,1680303600,Transaction description29,Income
30,1,4,313.89,1647993600,Transaction description30,Expense
31,1,5,357.94,1689030000,Transaction description31,Income
32,1,13,430.43,1666825200,Transaction description32,Expense
33,1,17,239.04,1718406000,Transaction description33,Income
34,1,29,43.08,1677801600,Transaction description34,Income
35,1,32,172.7,1686783600,Transaction description35,Expense
36,1,12,473.21,1666825200,Transaction description36,Income
37,1,4,42.25,1703635200,Transaction description37,Income
38,1,28,262.8,1641513600,Transaction description38,Expense
39,1,11,81.08,1654729200,Transaction description39,Income
40,1,13,394.83,1679356800,Transaction description40,Income
41,1,31,75.7,1644278400,Transaction description41,Income
42,1,14,262.91,1721948400,Transaction description42,Income
43,1,5,240.35,1709078400,Transaction description43,Expense
44,1,11,231.27,1716937200,Transaction description44,Income
45,1,29,76.6,1673827200,Transaction description45,Income
46,1,7,342.95,1714258800,Transaction description46,Income
47,1,7,59.59,1691362800,Transaction description47,Income
48,1,29,233.35,1648252800,Transaction description48,Expense
49,1,19,143.47,1720306800,Transaction description49,Expense
50,1,16,52.68,1666393200,Transaction description50,Expense
51,1,25,394.66,1680044400,Transaction description51,Income
52,1,30,407.35,1656802800,Transaction description52,Expense
53,1,27,238.18,1675382400,Transaction description53,Income
54,1,2,122.77,1718924400,Transaction description54,Income
55,1,11,86.71,1675900800,Transaction description55,Income
56,1,26,467.17,1674777600,Transaction description56,Income
57,1,19,340.31,1669593600,Transaction description57,Expense
58,1,13,181.75,1680044400,Transaction description58,Income
59,1,19,155.19,1641945600,Transaction description59,Income
60,1,26,405.84,1711843200,Transaction description60,Income
61,1,6,195.86,1641081600,Transaction description61,Income
62,1,26,228.48,1712790000,Transaction description62,Expense
63,1,6,326.89,1710547200,Transaction description63,Income
64,1,17,499.76,1669766400,Transaction description64,Expense
65,1,30,64.31,1657234800,Transaction description65,Expense
66,1,3,489.04,1716505200,Transaction description66,Income
67,1,27,61.42,1666134000,Transaction description67,Income
68,1,15,443.87,1712617200,Transaction description68,Expense
69,1,15,35.75,1640995200,Transaction description69,Income
70,1,22,123.62,1702425600,Transaction description70,Expense
71,1,31,383.24,1716505200,Transaction description71,Expense
72,1,8,347.08,1665010800,Transaction description72,Income
73,1,3,108.87,1656802800,Transaction description73,Income
74,1,14,485.29,1641859200,Transaction description74,Income
75,1,6,182.38,1666047600,Transaction description75,Income
76,1,30,408.54,1646524800,Transaction description76,Income
77,1,27,38.6,1707782400,Transaction description77,Income
78,1,24,129.04,1661641200,Transaction description78,Expense
79,1,2,101.65,1669593600,Transaction description79,Income
80,1,23,81.94,1708473600,Transaction description80,Income
81,1,26,479.88,1679702400,Transaction description81,Expense
82,1,4,194.83,1718492400,Transaction description82,Income
83,1,32,157.55,1673049600,Transaction description83,Expense
84,1,19,236.32,1688857200,Transaction description84,Income
85,1,6,224.58,1652914800,Transaction description85,Income
86,1,31,294.88,1694386800,Transaction description86,Income
87,1,23,369.97,1709596800,Transaction description87,Income
88,1,28,89.42,1727132400,Transaction description88,Income
89,1,2,172.75,1724799600,Transaction description89,Income
90,1,22,422.67,1708646400,Transaction description90,Expense
91,1,20,129.44,1674345600,Transaction description91,Expense
92,1,4,336.79,1698796800,Transaction description92,Income
93,1,2,484.19,1721775600,Transaction description93,Expense
94,1,29,340.6,1673049600,Transaction description94,Expense
95,1,31,131.06,1692745200,Transaction description95,Expense
96,1,8,281.35,1665010800,Transaction description96,Income
97,1,4,266.5,1722034800,Transaction description97,Income
98,1,7,184.81,1713222000,Transaction description98,Income
99,1,21,334.47,1704758400,Transaction description99,Income
100,1,32,328.51,1641254400,Transaction description100,Expense
101,1,27,244.8,1727650800,Transaction description101,Expense
102,1,1,303.78,1715554800,Transaction description102,Income
103,1,32,256.08,1645401600,Transaction description103,Expense
104,1,17,46.71,1656716400,Transaction description104,Expense
105,1,23,365.58,1684623600,Transaction description105,Income
106,1,24,182.58,1709769600,Transaction description106,Expense
107,1,16,459.59,1713135600,Transaction description107,Expense
108,1,2,56.8,1687647600,Transaction description108,Expense
109,1,31,158.72,1706054400,Transaction description109,Income
110,1,10,213.05,1675382400,Transaction description110,Expense
111,1,27,98.27,1696374000,Transaction description111,Income
112,1,18,430.62,1709856000,Transaction description112,Expense
113,1,10,472.1,1643760000,Transaction description113,Income
114,1,18,15.27,1710201600,Transaction description114,Income
115,1,21,409.84,1677369600,Transaction description115,Income
116,1,19,374.49,1689289200,Transaction description116,Expense
117,1,24,211.72,1711670400,Transaction description117,Income
118,1,4,274.96,1687474800,Transaction description118,Income
119,1,2,309.83,1714345200,Transaction description119,Income
120,1,13,288.84,1642118400,Transaction description120,Income
121,1,5,235.46,1730073600,Transaction description121,Income
122,1,23,316.41,1648339200,Transaction description122,Income
123,1,4,194.8,1696028400,Transaction description123,Expense
124,1,28,75.19,1697497200,Transaction description124,Expense
125,1,21,64.16,1673222400,Transaction description125,Income
126,1,31,90.41,1646784000,Transaction description126,Income
127,1,22,274.67,1654038000,Transaction description127,Expense
128,1,3,241.75,1714258800,Transaction description128,Expense
129,1,11,472.91,1659222000,Transaction description129,Expense
130,1,7,204.8,1707350400,Transaction description130,Income
131,1,25,266.88,1696374000,Transaction description131,Expense
132,1,9,17.51,1665183600,Transaction description132,Income
133,1,31,402.51,1641600000,Transaction description133,Income
134,1,16,395.27,1715986800,Transaction description134,Income
135,1,25,229.68,1673913600,Transaction description135,Expense
136,1,20,52.39,1726614000,Transaction description136,Income
137,1,23,290.76,1701129600,Transaction description137,Income
138,1,10,419.03,1692140400,Transaction description138,Expense
139,1,24,348.98,1728946800,Transaction description139,Income
140,1,32,132.2,1723244400,Transaction description140,Income
141,1,31,346.14,1713999600,Transaction description141,Expense
142,1,2,209.11,1683154800,Transaction description142,Expense
143,1,22,19.35,1652050800,Transaction description143,Income
144,1,2,23.14,1703030400,Transaction description144,Expense
145,1,31,122.79,1672185600,Transaction description145,Income
146,1,17,331.78,1682031600,Transaction description146,Income
147,1,24,257.01,1678492800,Transaction description147,Income
148,1,4,276.24,1691881200,Transaction description148,Expense
149,1,16,205.06,1686092400,Transaction description149,Expense
150,1,30,217.31,1643500800,Transaction description150,Expense
151,1,9,367.57,1657062000,Transaction description151,Income
152,1,3,49.02,1699488000,Transaction description152,Expense
153,1,16,479.76,1649372400,Transaction description153,Expense
154,1,6,115.31,1684018800,Transaction description154,Income
155,1,8,249.71,1698447600,Transaction description155,Income
156,1,15,255.1,1672876800,Transaction description156,Income
157,1,22,179.4,1648080000,Transaction description157,Expense
158,1,23,397.94,1673308800,Transaction description158,Income
159,1,22,145.29,1694991600,Transaction description159,Expense
160,1,25,106.2,1708473600,Transaction description160,Expense
161,1,25,328.49,1655247600,Transaction description161,Income
162,1,12,198.18,1701302400,Transaction description162,Income
163,1,6,288.41,1700179200,Transaction description163,Expense
164,1,12,259.47,1648940400,Transaction description164,Expense
165,1,26,188.67,1727478000,Transaction description165,Income
166,1,31,425.22,1705190400,Transaction description166,Expense
167,1,15,487.06,1702684800,Transaction description167,Income
168,1,20,446.04,1676332800,Transaction description168,Income
169,1,31,279.18,1647475200,Transaction description169,Income
170,1,32,288.57,1646006400,Transaction description170,Income
171,1,30,231.56,1646611200,Transaction description171,Expense
172,1,21,261.85,1716159600,Transaction description172,Income
173,1,7,89.44,1701820800,Transaction description173,Income
174,1,32,447.18,1698274800,Transaction description174,Expense
175,1,17,354.24,1657234800,Transaction description175,Expense
176,1,11,401.16,1672358400,Transaction description176,Expense
177,1,4,382.25,1729551600,Transaction description177,Expense
178,1,16,126.38,1661209200,Transaction description178,Expense
179,1,31,469.67,1684364400,Transaction description179,Income
180,1,9,155.05,1700179200,Transaction description180,Expense
181,1,7,389.57,1643932800,Transaction description181,Expense
182,1,20,326.41,1702425600,Transaction description182,Expense
183,1,24,143.25,1643155200,Transaction description183,Expense
184,1,24,275.62,1672876800,Transaction description184,Expense
185,1,19,137.59,1670284800,Transaction description185,Expense
186,1,19,178.04,1688425200,Transaction description186,Expense
187,1,31,490.46,1656889200,Transaction description187,Income
188,1,21,114.51,1727737200,Transaction description188,Income
189,1,18,323.63,1695250800,Transaction description189,Income
190,1,19,265.03,1646956800,Transaction description190,Expense
191,1,16,408.81,1716159600,Transaction description191,Expense
192,1,29,449.1,1662937200,Transaction description192,Expense
193,1,1,316.57,1688338800,Transaction description193,Expense
194,1,25,496.57,1716505200,Transaction description194,Expense
195,1,4,184.28,1681426800,Transaction description195,Expense
196,1,2,366.03,1647302400,Transaction description196,Expense
197,1,32,326.79,1664751600,Transaction description197,Income
198,1,7,100.48,1654988400,Transaction description198,Expense
199,1,3,473.21,1660604400,Transaction description199,Income
200,1,25,239.14,1704240000,Transaction description200,Income
201,1,9,35.29,1692918000,Transaction description201,Income
202,1,22,35.71,1668124800,Transaction description202,Income
203,1,16,442.79,1707004800,Transaction description203,Income
204,1,22,93.51,1651446000,Transaction description204,Income
205,1,14,160.53,1706832000,Transaction description205,Income
206,1,4,379.46,1684018800,Transaction description206,Expense
207,1,29,246.26,1690326000,Transaction description207,Income
208,1,15,217.46,1708473600,Transaction description208,Income
209,1,2,242.69,1685401200,Transaction description209,Expense
210,1,2,491.8,1730678400,Transaction description210,Income
211,1,25,273.76,1692831600,Transaction description211,Expense
212,1,1,269.34,1725490800,Transaction description212,Expense
213,1,3,353.41,1719961200,Transaction description213,Income
214,1,19,203.72,1681686000,Transaction description214,Expense
215,1,9,478.43,1728342000,Transaction description215,Income
216,1,30,135.09,1714258800,Transaction description216,Income
217,1,18,34.21,1647907200,Transaction description217,Expense
218,1,23,81.28,1648594800,Transaction description218,Expense
219,1,5,480.62,1700611200,Transaction description219,Expense
220,1,23,432.9,1693263600,Transaction description220,Income
221,1,3,489.04,1707782400,Transaction description221,Expense
222,1,28,51.81,1711411200,Transaction description222,Expense
223,1,32,60.97,1679958000,Transaction description223,Expense
224,1,19,101.13,1683586800,Transaction description224,Income
225,1,1,104.6,1692486000,Transaction description225,Income
226,1,10,404.49,1659049200,Transaction description226,Income
227,1,19,53.23,1705104000,Transaction description227,Income
228,1,6,226.09,1691622000,Transaction description228,Expense
229,1,2,75.8,1676678400,Transaction description229,Expense
230,1,6,149.92,1707782400,Transaction description230,Expense
231,1,5,420.32,1667260800,Transaction description231,Income
232,1,26,122.49,1703116800,Transaction description232,Income
233,1,4,93.7,1717455600,Transaction description233,Expense
234,1,29,302.17,1714172400,Transaction description234,Expense
235,1,30,79.48,1642032000,Transaction description235,Income
236,1,11,439.09,1688684400,Transaction description236,Income
237,1,20,336.02,1674000000,Transaction description237,Expense
238,1,19,17.33,1722553200,Transaction description238,Income
239,1,26,248.56,1657494000,Transaction description239,Income
240,1,8,232.73,1641859200,Transaction description240,Expense
241,1,19,453.7,1652137200,Transaction description241,Expense
242,1,12,372.25,1642032000,Transaction description242,Income
243,1,31,237.85,1644624000,Transaction description243,Expense
244,1,17,397.23,1725490800,Transaction description244,Expense
245,1,20,350.42,1703462400,Transaction description245,Income
246,1,4,71.23,1686783600,Transaction description246,Income
247,1,20,442.37,1680649200,Transaction description247,Expense
248,1,26,179.42,1666652400,Transaction description248,Expense
249,1,7,252.46,1650668400,Transaction description249,Expense
250,1,7,84.5,1694127600,Transaction description250,Income
251,1,8,42.36,1650150000,Transaction description251,Income
252,1,28,342.66,1705968000,Transaction description252,Expense
253,1,28,451.21,1640995200,Transaction description253,Income
254,1,11,359.94,1679097600,Transaction description254,Expense
255,1,21,308.73,1640995200,Transaction description255,Expense
256,1,19,94.98,1674950400,Transaction description256,Income
257,1,6,353.7,1672444800,Transaction description257,Expense
258,1,28,17.76,1666479600,Transaction description258,Income
259,1,26,316.0,1641513600,Transaction description259,Expense
260,1,24,246.9,1696978800,Transaction description260,Income
261,1,19,269.34,1708041600,Transaction description261,Expense
262,1,12,64.09,1694991600,Transaction description262,Income
263,1,12,90.4,1657407600,Transaction description263,Income
264,1,25,193.94,1657148400,Transaction description264,Income
265,1,16,419.34,1716159600,Transaction description265,Income
266,1,5,82.95,1727737200,Transaction description266,Income
267,1,24,101.21,1670025600,Transaction description267,Expense
268,1,5,330.07,1662418800,Transaction description268,Expense
269,1,24,162.78,1675641600,Transaction description269,Income
270,1,6,379.63,1704758400,Transaction description270,Income
271,1,25,344.04,1702684800,Transaction description271,Expense
272,1,2,18.93,1692486000,Transaction description272,Income
273,1,14,145.89,1728428400,Transaction description273,Expense
274,1,31,241.85,1701734400,Transaction description274,Income
275,1,9,396.31,1695250800,Transaction description275,Expense
276,1,15,336.11,1723330800,Transaction description276,Income
277,1,12,343.62,1714950000,Transaction description277,Expense
278,1,14,115.56,1696633200,Transaction description278,Income
279,1,27,81.36,1722898800,Transaction description279,Income
280,1,30,430.0,1654988400,Transaction description280,Expense
281,1,4,112.02,1723676400,Transaction description281,Expense
282,1,21,105.07,1678579200,Transaction description282,Income
283,1,30,318.55,1721170800,Transaction description283,Income
284,1,6,157.78,1656284400,Transaction description284,Expense
285,1,13,289.31,1644105600,Transaction description285,Income
286,1,7,134.44,1659049200,Transaction description286,Expense
287,1,27,343.63,1717369200,Transaction description287,Income
288,1,9,237.63,1642896000,Transaction description288,Expense
289,1,26,273.77,1720652400,Transaction description289,Expense
290,1,19,265.92,1710460800,Transaction description290,Income
291,1,16,264.03,1718060400,Transaction description291,Income
292,1,30,420.0,1658962800,Transaction description292,Income
293,1,28,350.79,1665183600,Transaction description293,Expense
294,1,26,361.45,1656975600,Transaction description294,Expense
295,1,13,486.44,1671926400,Transaction description295,Expense
296,1,17,172.39,1686006000,Transaction description296,Expense
297,1,27,259.11,1710115200,Transaction description297,Income
298,1,32,219.62,1709856000,Transaction description298,Expense
299,1,13,470.95,1692918000,Transaction description299,Expense
300,1,19,293.1,1703203200,Transaction description300,Expense
301,1,8,205.09,1719097200,Transaction description301,Income
302,1,12,223.08,1660345200,Transaction description302,Expense
303,1,11,134.97,1697497200,Transaction description303,Expense
304,1,17,111.93,1718406000,Transaction description304,Expense
305,1,24,171.39,1726700400,Transaction description305,Expense
306,1,32,83.95,1653865200,Transaction description306,Expense
307,1,28,192.98,1717196400,Transaction description307,Income
308,1,27,408.43,1689980400,Transaction description308,Income
309,1,7,58.2,1720566000,Transaction description309,Expense
310,1,19,358.73,1653519600,Transaction description310,Expense
311,1,17,467.77,1693090800,Transaction description311,Expense
312,1,17,351.3,1695769200,Transaction description312,Expense
313,1,1,221.56,1698710400,Transaction description313,Expense
314,1,21,478.83,1683154800,Transaction description314,Income
315,1,22,97.86,1708473600,Transaction description315,Expense
316,1,17,260.88,1653606000,Transaction description316,Income
317,1,5,94.31,1694386800,Transaction description317,Expense
318,1,9,102.63,1702771200,Transaction description318,Income
319,1,29,258.71,1649718000,Transaction description319,Income
320,1,18,172.12,1680476400,Transaction description320,Income
321,1,25,226.79,1665442800,Transaction description321,Expense
322,1,7,110.81,1700006400,Transaction description322,Income
323,1,30,199.81,1668124800,Transaction description323,Income
324,1,4,361.93,1725836400,Transaction description324,Income
325,1,27,435.37,1698188400,Transaction description325,Expense
326,1,18,148.34,1728774000,Transaction description326,Expense
327,1,17,226.48,1648508400,Transaction description327,Expense
328,1,25,444.2,1692918000,Transaction description328,Expense
329,1,31,331.82,1645228800,Transaction description329,Income
330,1,17,422.27,1645401600,Transaction description330,Expense
331,1,2,444.01,1718665200,Transaction description331,Income
332,1,22,94.69,1659826800,Transaction description332,Expense
333,1,23,50.33,1690758000,Transaction description333,Expense
334,1,22,309.08,1713049200,Transaction description334,Expense
335,1,13,200.19,1682290800,Transaction description335,Income
336,1,13,215.17,1672012800,Transaction description336,Income
337,1,21,279.37,1700438400,Transaction description337,Income
338,1,21,107.53,1670025600,Transaction description338,Income
339,1,19,419.73,1680822000,Transaction description339,Expense
340,1,3,93.56,1667865600,Transaction description340,Expense
341,1,32,177.68,1683759600,Transaction description341,Expense
342,1,25,254.02,1724626800,Transaction description342,Expense
343,1,13,72.12,1675987200,Transaction description343,Expense
344,1,19,151.35,1713049200,Transaction description344,Income
345,1,23,200.05,1706832000,Transaction description345,Expense
346,1,20,232.07,1666220400,Transaction description346,Expense
347,1,27,170.8,1700784000,Transaction description347,Expense
348,1,30,244.55,1683586800,Transaction description348,Income
349,1,3,292.1,1666047600,Transaction description349,Expense
350,1,7,446.01,1704067200,Transaction description350,Expense
351,1,24,167.0,1711324800,Transaction description351,Expense
352,1,12,269.59,1703462400,Transaction description352,Expense
353,1,9,302.22,1718578800,Transaction description353,Income
354,1,4,47.71,1655074800,Transaction description354,Income
355,1,22,448.02,1653606000,Transaction description355,Income
356,1,25,355.78,1701475200,Transaction description356,Income
357,1,24,456.74,1720047600,Transaction description357,Expense
358,1,15,287.86,1693004400,Transaction description358,Income
359,1,16,488.03,1692658800,Transaction description359,Expense
360,1,26,169.57,1711065600,Transaction description360,Expense
361,1,29,144.42,1651014000,Transaction description361,Expense
362,1,28,342.51,1717542000,Transaction description362,Income
363,1,4,175.49,1669852800,Transaction description363,Expense
364,1,12,253.94,1669939200,Transaction description364,Expense
365,1,27,285.4,1693090800,Transaction description365,Expense
366,1,2,481.42,1683846000,Transaction description366,Expense
367,1,18,321.35,1641859200,Transaction description367,Income
368,1,30,162.55,1679270400,Transaction description368,Income
369,1,7,272.54,1657926000,Transaction description369,Expense
370,1,23,98.02,1720738800,Transaction description370,Income
371,1,30,442.2,1727910000,Transaction description371,Income
372,1,8,353.88,1709424000,Transaction description372,Expense
373,1,8,249.78,1681167600,Transaction description373,Income
374,1,30,21.37,1672790400,Transaction description374,Income
375,1,4,168.84,1730160000,Transaction description375,Income
376,1,11,153.46,1684969200,Transaction description376,Expense
377,1,7,32.06,1704326400,Transaction description377,Income
378,1,31,88.83,1712444400,Transaction description378,Income
379,1,13,333.67,1728860400,Transaction description379,Expense
380,1,6,129.26,1641772800,Transaction description380,Expense
381,1,30,467.1,1658185200,Transaction description381,Expense
382,1,6,68.59,1679616000,Transaction description382,Income
383,1,6,56.55,1730160000,Transaction description383,Income
384,1,27,484.52,1723849200,Transaction description384,Income
385,1,14,40.21,1681340400,Transaction description385,Expense
386,1,18,333.61,1656111600,Transaction description386,Expense
387,1,13,183.8,1674432000,Transaction description387,Expense
388,1,20,214.93,1654815600,Transaction description388,Expense
389,1,23,454.67,1710288000,Transaction description389,Expense
390,1,5,486.29,1659135600,Transaction description390,Income
391,1,23,368.99,1653865200,Transaction description391,Expense
392,1,14,120.75,1669161600,Transaction description392,Income
393,1,14,14.29,1685487600,Transaction description393,Income
394,1,28,426.75,1649718000,Transaction description394,Income
395,1,10,225.14,1701734400,Transaction description395,Expense
396,1,1,386.63,1651273200,Transaction description396,Expense
397,1,3,32.13,1694905200,Transaction description397,Income
398,1,22,268.0,1692658800,Transaction description398,Income
399,1,20,134.4,1730246400,Transaction description399,Income
400,1,18,133.7,1717282800,Transaction description400,Income
401,1,22,436.74,1706659200,Transaction description401,Income
402,1,8,268.87,1651878000,Transaction description402,Expense
403,1,4,241.28,1710547200,Transaction description403,Expense
404,1,6,341.53,1672876800,Transaction description404,Expense
405,1,27,333.31,1691881200,Transaction description405,Income
406,1,5,95.51,1714431600,Transaction description406,Expense
407,1,23,157.42,1686783600,Transaction description407,Expense
408,1,3,223.95,1672185600,Transaction description408,Expense
409,1,31,279.0,1700092800,Transaction description409,Expense
410,1,17,400.7,1672185600,Transaction description410,Income
411,1,18,66.84,1644105600,Transaction description411,Income
412,1,27,403.57,1649199600,Transaction description412,Income
413,1,22,300.87,1716418800,Transaction description413,Expense
414,1,11,322.87,1698534000,Transaction description414,Expense
415,1,3,28.67,1670112000,Transaction description415,Expense
416,1,4,452.37,1653692400,Transaction description416,Income
417,1,21,302.42,1722726000,Transaction description417,Income
418,1,31,370.29,1694559600,Transaction description418,Expense
419,1,4,144.28,1681513200,Transaction description419,Expense
420,1,18,113.51,1668729600,Transaction description420,Income
421,1,21,326.23,1690239600,Transaction description421,Expense
422,1,27,10.8,1673568000,Transaction description422,Expense
423,1,1,134.48,1654815600,Transaction description423,Expense
424,1,28,15.95,1683673200,Transaction description424,Expense
425,1,14,301.86,1641513600,Transaction description425,Expense
426,1,6,148.7,1719097200,Transaction description426,Income
427,1,31,84.77,1728428400,Transaction description427,Income
428,1,1,429.14,1681599600,Transaction description428,Expense
429,1,28,378.15,1697497200,Transaction description429,Income
430,1,15,241.79,1678924800,Transaction description430,Income
431,1,24,189.41,1706745600,Transaction description431,Expense
432,1,27,266.72,1687215600,Transaction description432,Income
433,1,7,167.85,1688770800,Transaction description433,Income
434,1,3,90.15,1688252400,Transaction description434,Income
435,1,24,328.78,1675209600,Transaction description435,Expense
436,1,25,351.41,1645315200,Transaction description436,Expense
437,1,16,300.27,1726614000,Transaction description437,Income
438,1,3,250.41,1668470400,Transaction description438,Expense
439,1,15,137.7,1653433200,Transaction description439,Expense
440,1,10,169.93,1651532400,Transaction description440,Expense
441,1,7,328.46,1675987200,Transaction description441,Income
442,1,24,320.27,1668470400,Transaction description442,Expense
443,1,19,241.93,1725490800,Transaction description443,Expense
444,1,21,351.69,1665529200,Transaction description444,Expense
445,1,25,333.81,1648422000,Transaction description445,Income
446,1,30,192.87,1649890800,Transaction description446,Income
447,1,30,237.8,1644537600,Transaction description447,Expense
448,1,10,134.44,1706140800,Transaction description448,Income
449,1,6,250.07,1698969600,Transaction description449,Expense
450,1,21,183.13,1715814000,Transaction description450,Expense
451,1,27,204.9,1704067200,Transaction description451,Expense
452,1,5,33.83,1695510000,Transaction description452,Income
453,1,29,164.1,1642464000,Transaction description453,Income
454,1,11,346.05,1687647600,Transaction description454,Income
455,1,21,439.66,1720998000,Transaction description455,Expense
456,1,12,210.84,1722466800,Transaction description456,Income
457,1,25,373.44,1726095600,Transaction description457,Income
458,1,6,25.66,1647734400,Transaction description458,Expense
459,1,30,406.85,1714345200,Transaction description459,Expense
460,1,19,101.57,1727650800,Transaction description460,Income
461,1,12,321.56,1725750000,Transaction description461,Expense
462,1,11,273.24,1648681200,Transaction description462,Expense
463,1,26,252.2,1656284400,Transaction description463,Expense
464,1,30,26.16,1720652400,Transaction description464,Expense
465,1,9,61.88,1665010800,Transaction description465,Income
466,1,31,296.56,1708473600,Transaction description466,Expense
467,1,28,383.24,1712703600,Transaction description467,Expense
468,1,6,143.04,1696546800,Transaction description468,Income
469,1,20,206.03,1727132400,Transaction description469,Income
470,1,29,132.03,1658530800,Transaction description470,Income
471,1,24,239.61,1713481200,Transaction description471,Expense
472,1,2,44.52,1696633200,Transaction description472,Income
473,1,5,44.96,1716937200,Transaction description473,Expense
474,1,24,318.98,1679616000,Transaction description474,Income
475,1,2,407.37,1713826800,Transaction description475,Expense
476,1,5,231.07,1665615600,Transaction description476,Income
477,1,25,94.56,1689116400,Transaction description477,Income
478,1,20,86.8,1699228800,Transaction description478,Income
479,1,7,409.31,1668729600,Transaction description479,Expense
480,1,17,312.29,1695423600,Transaction description480,Expense
481,1,25,330.38,1662591600,Transaction description481,Income
482,1,16,209.94,1657234800,Transaction description482,Income
483,1,11,317.53,1703548800,Transaction description483,Income
484,1,14,283.95,1715641200,Transaction description484,Income
485,1,14,416.05,1692745200,Transaction description485,Income
486,1,5,393.26,1669161600,Transaction description486,Income
487,1,4,171.49,1720306800,Transaction description487,Income
488,1,21,457.61,1691017200,Transaction description488,Expense
489,1,3,274.2,1677888000,Transaction description489,Expense
490,1,3,442.17,1711756800,Transaction description490,Expense
491,1,25,89.73,1644278400,Transaction description491,Expense
492,1,11,283.92,1709510400,Transaction description492,Expense
493,1,25,455.3,1699142400,Transaction description493,Income
494,1,27,195.16,1644710400,Transaction description494,Expense
495,1,4,73.54,1713826800,Transaction description495,Expense
496,1,18,194.08,1647561600,Transaction description496,Income
497,1,28,169.22,1641686400,Transaction description497,Expense
498,1,28,452.96,1650841200,Transaction description498,Income
499,1,2,401.69,1659826800,Transaction description499,Income
500,1,28,94.91,1702512000,Transaction description500,Income
501,1,8,496.88,1647388800,Transaction description501,Expense
502,1,20,103.1,1647129600,Transaction description502,Expense
503,1,29,195.06,1704499200,Transaction description503,Income
504,1,2,127.13,1642464000,Transaction description504,Expense
505,1,19,295.16,1662246000,Transaction description505,Expense
506,1,11,406.32,1663714800,Transaction description506,Expense
507,1,22,27.84,1689030000,Transaction description507,Expense
508,1,8,276.29,1689634800,Transaction description508,Income
509,1,30,86.97,1722898800,Transaction description509,Income
510,1,24,115.69,1657407600,Transaction description510,Expense
511,1,18,170.55,1717196400,Transaction description511,Income
512,1,25,327.7,1661382000,Transaction description512,Expense
513,1,9,208.18,1650495600,Transaction description513,Income
514,1,1,100.77,1688338800,Transaction description514,Expense
515,1,7,323.79,1668643200,Transaction description515,Expense
516,1,10,405.57,1666825200,Transaction description516,Income
517,1,28,63.93,1669334400,Transaction description517,Expense
518,1,14,287.23,1715382000,Transaction description518,Expense
519,1,32,69.5,1694559600,Transaction description519,Expense
520,1,27,43.57,1690239600,Transaction description520,Income
521,1,17,116.31,1654988400,Transaction description521,Expense
522,1,20,143.46,1720566000,Transaction description522,Expense
523,1,28,478.86,1683932400,Transaction description523,Income
524,1,14,252.42,1685574000,Transaction description524,Expense
525,1,32,450.46,1652655600,Transaction description525,Expense
526,1,28,410.92,1674432000,Transaction description526,Income
527,1,2,443.98,1719356400,Transaction description527,Income
528,1,11,76.55,1694214000,Transaction description528,Expense
529,1,17,360.48,1705536000,Transaction description529,Expense
530,1,1,483.7,1715641200,Transaction description530,Income
531,1,26,132.0,1708473600,Transaction description531,Income
532,1,7,345.23,1668643200,Transaction description532,Expense
533,1,29,274.52,1720911600,Transaction description533,Income
534,1,27,73.61,1653001200,Transaction description534,Expense
535,1,28,135.02,1723417200,Transaction description535,Expense
536,1,17,279.66,1681772400,Transaction description536,Income
537,1,32,380.16,1690412400,Transaction description537,Expense
538,1,24,190.88,1708992000,Transaction description538,Expense
539,1,12,453.3,1670544000,Transaction description539,Income
540,1,11,393.89,1702080000,Transaction description540,Expense
541,1,2,360.64,1719788400,Transaction description541,Income
542,1,30,196.47,1674345600,Transaction description542,Expense
543,1,28,381.71,1704153600,Transaction description543,Income
544,1,10,265.05,1640995200,Transaction description544,Income
545,1,14,285.06,1662418800,Transaction description545,Income
546,1,6,335.67,1714863600,Transaction description546,Income
547,1,10,482.57,1661122800,Transaction description547,Income
548,1,12,37.09,1670371200,Transaction description548,Expense
549,1,29,455.31,1664492400,Transaction description549,Income
550,1,2,167.2,1648166400,Transaction description550,Income
551,1,27,451.15,1724454000,Transaction description551,Income
552,1,25,177.54,1685919600,Transaction description552,Income
553,1,22,57.16,1667952000,Transaction description553,Expense
554,1,18,154.84,1729378800,Transaction description554,Income
555,1,23,63.71,1645401600,Transaction description555,Income
556,1,7,180.32,1676678400,Transaction description556,Income
557,1,4,309.95,1646265600,Transaction description557,Expense
558,1,16,91.59,1714345200,Transaction description558,Income
559,1,21,398.05,1656543600,Transaction description559,Income
560,1,18,200.88,1722639600,Transaction description560,Income
561,1,27,141.17,1689289200,Transaction description561,Expense
562,1,17,323.28,1688166000,Transaction description562,Expense
563,1,2,80.92,1699142400,Transaction description563,Expense
564,1,9,401.25,1654815600,Transaction description564,Income
565,1,11,253.58,1711843200,Transaction description565,Expense
566,1,22,203.31,1699660800,Transaction description566,Income
567,1,13,220.34,1674432000,Transaction description567,Expense
568,1,30,163.48,1700438400,Transaction description568,Expense
569,1,28,482.76,1719356400,Transaction description569,Expense
570,1,15,226.43,1685574000,Transaction description570,Expense
571,1,29,307.72,1708560000,Transaction description571,Income
572,1,13,132.97,1706140800,Transaction description572,Expense
573,1,24,438.79,1680994800,Transaction description573,Income
574,1,10,443.54,1690066800,Transaction description574,Expense
575,1,8,157.22,1672876800,Transaction description575,Expense
576,1,4,163.5,1673827200,Transaction description576,Income
577,1,6,207.28,1728428400,Transaction description577,Income
578,1,26,232.72,1708819200,Transaction description578,Income
579,1,1,36.86,1660604400,Transaction description579,Income
580,1,5,247.58,1689375600,Transaction description580,Income
581,1,27,205.69,1688684400,Transaction description581,Income
582,1,31,20.04,1695337200,Transaction description582,Income
583,1,12,350.68,1667260800,Transaction description583,Expense
584,1,13,343.74,1730678400,Transaction description584,Income
585,1,10,414.27,1718060400,Transaction description585,Expense
586,1,27,473.86,1700697600,Transaction description586,Expense
587,1,14,469.37,1718578800,Transaction description587,Expense
588,1,2,11.85,1729983600,Transaction description588,Income
589,1,9,89.18,1708646400,Transaction description589,Income
590,1,19,244.81,1652828400,Transaction description590,Income
591,1,4,210.4,1687474800,Transaction description591,Expense
592,1,29,468.03,1723676400,Transaction description592,Income
593,1,14,451.26,1660172400,Transaction description593,Income
594,1,4,444.97,1700870400,Transaction description594,Income
595,1,15,457.54,1644364800,Transaction description595,Expense
596,1,26,361.78,1728255600,Transaction description596,Expense
597,1,22,387.57,1727910000,Transaction description597,Income
598,1,15,200.7,1659913200,Transaction description598,Expense
599,1,21,148.53,1714604400,Transaction description599,Expense
600,1,4,351.02,1693609200,Transaction description600,Income
601,1,20,419.89,1706054400,Transaction description601,Income
602,1,15,305.71,1694041200,Transaction description602,Expense
603,1,8,437.59,1684537200,Transaction description603,Income
604,1,5,32.36,1683932400,Transaction description604,Expense
605,1,28,435.56,1689289200,Transaction description605,Income
606,1,5,93.02,1726873200,Transaction description606,Expense
607,1,31,305.11,1688166000,Transaction description607,Expense
608,1,4,405.78,1720566000,Transaction description608,Income
609,1,21,257.57,1658185200,Transaction description609,Income
610,1,5,164.86,1662246000,Transaction description610,Expense
611,1,19,423.64,1710806400,Transaction description611,Income
612,1,14,445.69,1696287600,Transaction description612,Income
613,1,9,89.44,1721862000,Transaction description613,Expense
614,1,12,255.9,1718665200,Transaction description614,Expense
615,1,6,345.95,1666566000,Transaction description615,Expense
616,1,13,17.35,1722812400,Transaction description616,Expense
617,1,2,83.75,1728860400,Transaction description617,Income
618,1,21,155.13,1651878000,Transaction description618,Expense
619,1,22,450.33,1717110000,Transaction description619,Expense
620,1,26,345.25,1670457600,Transaction description620,Income
621,1,25,261.94,1710633600,Transaction description621,Expense
622,1,18,250.18,1664665200,Transaction description622,Expense
623,1,18,101.45,1694732400,Transaction description623,Expense
624,1,2,345.9,1722294000,Transaction description624,Income
625,1,17,32.64,1699315200,Transaction description625,Income
626,1,8,475.75,1664665200,Transaction description626,Income
627,1,10,345.05,1708992000,Transaction description627,Income
628,1,17,492.37,1720479600,Transaction description628,Income
629,1,13,488.94,1679011200,Transaction description629,Income
630,1,7,154.07,1720825200,Transaction description630,Income
631,1,19,367.86,1661209200,Transaction description631,Income
632,1,26,250.8,1716937200,Transaction description632,Income
633,1,2,202.42,1668729600,Transaction description633,Income
634,1,5,151.99,1714863600,Transaction description634,Income
635,1,28,428.36,1675123200,Transaction description635,Expense
636,1,14,440.85,1711152000,Transaction description636,Income
637,1,25,301.02,1712962800,Transaction description637,Expense
638,1,28,10.71,1651186800,Transaction description638,Income
639,1,21,413.14,1678320000,Transaction description639,Income
640,1,16,92.82,1683327600,Transaction description640,Expense
641,1,31,386.68,1677715200,Transaction description641,Expense
642,1,16,306.0,1712617200,Transaction description642,Expense
643,1,29,161.3,1722639600,Transaction description643,Expense
644,1,29,442.05,1666134000,Transaction description644,Income
645,1,14,267.19,1645228800,Transaction description645,Expense
646,1,25,168.43,1670025600,Transaction description646,Income
647,1,1,313.77,1654988400,Transaction description647,Income
648,1,23,282.04,1658444400,Transaction description648,Expense
649,1,27,273.41,1643846400,Transaction description649,Expense
650,1,27,378.19,1695682800,Transaction description650,Expense
651,1,22,361.63,1654470000,Transaction description651,Expense
652,1,16,215.43,1719961200,Transaction description652,Expense
653,1,1,385.55,1728342000,Transaction description653,Income
654,1,3,116.34,1698883200,Transaction description654,Expense
655,1,21,117.39,1691535600,Transaction description655,Income
656,1,12,126.96,1687302000,Transaction description656,Income
657,1,9,342.94,1659999600,Transaction description657,Income
658,1,26,188.97,1721775600,Transaction description658,Expense
659,1,26,294.7,1718751600,Transaction description659,Income
660,1,24,186.86,1644105600,Transaction description660,Expense
661,1,16,175.59,1691103600,Transaction description661,Expense
662,1,12,417.57,1692313200,Transaction description662,Expense
663,1,14,489.93,1715554800,Transaction description663,Expense
664,1,15,217.41,1726441200,Transaction description664,Income
665,1,20,113.53,1674691200,Transaction description665,Expense
666,1,13,124.32,1709942400,Transaction description666,Expense
667,1,15,11.78,1673568000,Transaction description667,Expense
668,1,7,437.37,1696201200,Transaction description668,Income
669,1,14,371.79,1667174400,Transaction description669,Income
670,1,6,445.4,1667865600,Transaction description670,Income
671,1,9,381.3,1690844400,Transaction description671,Income
672,1,8,308.41,1702857600,Transaction description672,Expense
673,1,23,489.54,1686697200,Transaction description673,Income
674,1,4,494.42,1669248000,Transaction description674,Income
675,1,4,130.69,1680303600,Transaction description675,Expense
676,1,1,176.06,1653174000,Transaction description676,Income
677,1,5,306.13,1727305200,Transaction description677,Income
678,1,4,45.35,1727564400,Transaction description678,Income
679,1,10,237.31,1667692800,Transaction description679,Income
680,1,31,368.14,1643414400,Transaction description680,Expense
681,1,3,420.37,1713740400,Transaction description681,Income
682,1,28,435.44,1652223600,Transaction description682,Income
683,1,5,414.16,1662246000,Transaction description683,Expense
684,1,12,352.96,1714777200,Transaction description684,Income
685,1,31,433.07,1692745200,Transaction description685,Income
686,1,10,489.19,1702771200,Transaction description686,Income
687,1,2,439.31,1703635200,Transaction description687,Income
688,1,14,318.44,1683673200,Transaction description688,Income
689,1,32,431.62,1661727600,Transaction description689,Income
690,1,5,196.73,1665183600,Transaction description690,Income
691,1,2,55.91,1674432000,Transaction description691,Income
692,1,27,463.22,1675641600,Transaction description692,Income
693,1,28,261.35,1659654000,Transaction description693,Expense
694,1,17,395.28,1690844400,Transaction description694,Income
695,1,17,60.18,1662505200,Transaction description695,Income
696,1,25,458.33,1719529200,Transaction description696,Income
697,1,6,303.66,1719788400,Transaction description697,Expense
698,1,18,266.77,1689375600,Transaction description698,Expense
699,1,23,336.34,1682118000,Transaction description699,Expense
700,1,7,273.12,1688166000,Transaction description700,Expense
701,1,26,227.07,1669593600,Transaction description701,Expense
702,1,5,264.37,1686697200,Transaction description702,Income
703,1,17,312.41,1701475200,Transaction description703,Income
704,1,27,96.92,1663974000,Transaction description704,Expense
705,1,16,128.15,1696806000,Transaction description705,Expense
706,1,6,259.38,1686956400,Transaction description706,Income
707,1,11,290.37,1711584000,Transaction description707,Income
708,1,27,257.9,1688252400,Transaction description708,Income
709,1,30,71.38,1699660800,Transaction description709,Expense
710,1,29,58.89,1657494000,Transaction description710,Income
711,1,12,45.52,1714431600,Transaction description711,Expense
712,1,16,53.8,1699660800,Transaction description712,Expense
713,1,30,184.78,1677024000,Transaction description713,Income
714,1,10,184.91,1688166000,Transaction description714,Expense
715,1,29,145.99,1701820800,Transaction description715,Expense
716,1,3,316.81,1724281200,Transaction description716,Income
717,1,13,111.58,1703030400,Transaction description717,Income
718,1,31,321.65,1643155200,Transaction description718,Expense
719,1,5,425.97,1726095600,Transaction description719,Expense
720,1,3,45.97,1683846000,Transaction description720,Expense
721,1,20,102.56,1680390000,Transaction description721,Expense
722,1,19,30.13,1714950000,Transaction description722,Expense
723,1,25,80.72,1697238000,Transaction description723,Expense
724,1,24,25.33,1677801600,Transaction description724,Income
725,1,19,125.28,1668643200,Transaction description725,Expense
726,1,20,183.49,1669766400,Transaction description726,Expense
727,1,3,82.95,1654988400,Transaction description727,Expense
728,1,28,443.03,1707868800,Transaction description728,Income
729,1,19,260.41,1698534000,Transaction description729,Expense
730,1,6,141.18,1654383600,Transaction description730,Expense
731,1,6,17.84,1700179200,Transaction description731,Expense
732,1,18,280.02,1664319600,Transaction description732,Income
733,1,15,209.97,1704931200,Transaction description733,Income
734,1,30,235.97,1666998000,Transaction description734,Expense
735,1,25,102.69,1653951600,Transaction description735,Income
736,1,1,18.05,1650409200,Transaction description736,Income
737,1,31,192.56,1643068800,Transaction description737,Income
738,1,29,161.75,1686092400,Transaction description738,Income
739,1,24,230.07,1663110000,Transaction description739,Income
740,1,22,496.77,1689116400,Transaction description740,Income
741,1,12,161.15,1679011200,Transaction description741,Expense
742,1,8,446.45,1715209200,Transaction description742,Expense
743,1,15,335.92,1641945600,Transaction description743,Income
744,1,4,350.21,1668988800,Transaction description744,Income
745,1,7,38.4,1723762800,Transaction description745,Income
746,1,4,297.25,1665874800,Transaction description746,Income
747,1,25,20.23,1688252400,Transaction description747,Expense
748,1,13,243.95,1670976000,Transaction description748,Expense
749,1,17,250.02,1718319600,Transaction description749,Expense
750,1,5,37.88,1684105200,Transaction description750,Income
751,1,1,116.65,1722466800,Transaction description751,Expense
752,1,11,54.82,1691017200,Transaction description752,Expense
753,1,26,113.92,1681772400,Transaction description753,Expense
754,1,19,328.93,1648854000,Transaction description754,Income
755,1,31,243.86,1650754800,Transaction description755,Expense
756,1,2,378.65,1693004400,Transaction description756,Expense
757,1,31,203.12,1712790000,Transaction description757,Income
758,1,1,135.57,1690153200,Transaction description758,Income
759,1,14,76.89,1705968000,Transaction description759,Income
760,1,17,330.45,1705276800,Transaction description760,Expense
761,1,5,101.26,1683327600,Transaction description761,Income
762,1,11,258.67,1642032000,Transaction description762,Expense
763,1,3,235.03,1727564400,Transaction description763,Income
764,1,7,209.48,1661295600,Transaction description764,Income
765,1,15,252.79,1730592000,Transaction description765,Income
766,1,20,79.41,1680217200,Transaction description766,Expense
767,1,25,325.35,1653519600,Transaction description767,Income
768,1,8,223.8,1668556800,Transaction description768,Income
769,1,4,446.99,1715122800,Transaction description769,Income
770,1,5,100.95,1659308400,Transaction description770,Income
771,1,26,26.28,1716937200,Transaction description771,Income
772,1,20,291.86,1681513200,Transaction description772,Expense
773,1,17,306.61,1727132400,Transaction description773,Income
774,1,23,458.03,1722985200,Transaction description774,Expense
775,1,29,226.66,1649113200,Transaction description775,Income
776,1,1,27.91,1698883200,Transaction description776,Expense
777,1,30,180.09,1722207600,Transaction description777,Income
778,1,31,496.51,1728774000,Transaction description778,Income
779,1,10,28.1,1646352000,Transaction description779,Expense
780,1,16,460.54,1723762800,Transaction description780,Expense
781,1,3,145.56,1674950400,Transaction description781,Expense
782,1,19,370.52,1723158000,Transaction description782,Income
783,1,12,111.98,1649372400,Transaction description783,Income
784,1,18,450.59,1710547200,Transaction description784,Income
785,1,32,421.05,1701648000,Transaction description785,Income
786,1,7,255.64,1723330800,Transaction description786,Income
787,1,32,152.04,1650322800,Transaction description787,Expense
788,1,5,62.12,1713567600,Transaction description788,Income
789,1,14,228.48,1711584000,Transaction description789,Expense
790,1,29,141.85,1725058800,Transaction description790,Income
791,1,10,191.77,1699142400,Transaction description791,Expense
792,1,1,376.67,1678752000,Transaction description792,Income
793,1,1,38.24,1689289200,Transaction description793,Income
794,1,21,211.52,1710892800,Transaction description794,Expense
795,1,28,271.81,1673049600,Transaction description795,Income
796,1,9,250.27,1649458800,Transaction description796,Income
797,1,9,48.08,1724972400,Transaction description797,Income
798,1,10,447.77,1684018800,Transaction description798,Expense
799,1,9,107.71,1689289200,Transaction description799,Income
800,1,9,59.01,1683932400,Transaction description800,Expense
801,1,32,34.67,1716246000,Transaction description801,Income
802,1,19,456.39,1656025200,Transaction description802,Expense
803,1,2,312.9,1665356400,Transaction description803,Expense
804,1,4,99.01,1730592000,Transaction description804,Expense
805,1,30,115.22,1704240000,Transaction description805,Expense
806,1,13,359.16,1642809600,Transaction description806,Income
807,1,6,419.83,1682031600,Transaction description807,Income
808,1,8,340.53,1729638000,Transaction description808,Income
809,1,32,24.11,1658271600,Transaction description809,Expense
810,1,5,212.6,1718406000,Transaction description810,Income
811,1,3,151.5,1644710400,Transaction description811,Income
812,1,11,416.45,1682290800,Transaction description812,Income
813,1,4,223.03,1671667200,Transaction description813,Income
814,1,4,477.16,1665010800,Transaction description814,Expense
815,1,5,307.25,1715814000,Transaction description815,Income
816,1,19,118.03,1686783600,Transaction description816,Expense
817,1,18,168.86,1648339200,Transaction description817,Expense
818,1,3,415.44,1659654000,Transaction description818,Income
819,1,20,207.57,1667084400,Transaction description819,Income
820,1,29,373.95,1650668400,Transaction description820,Income
821,1,7,410.67,1687906800,Transaction description821,Income
822,1,26,99.01,1710806400,Transaction description822,Income
823,1,15,28.69,1709078400,Transaction description823,Income
824,1,23,358.59,1679011200,Transaction description824,Expense
825,1,30,170.8,1702944000,Transaction description825,Income
826,1,3,499.07,1660604400,Transaction description826,Expense
827,1,20,296.66,1660777200,Transaction description827,Income
828,1,1,96.43,1711756800,Transaction description828,Income
829,1,6,439.62,1663801200,Transaction description829,Income
830,1,28,289.81,1690498800,Transaction description830,Expense
831,1,2,362.68,1672358400,Transaction description831,Expense
832,1,1,402.14,1673568000,Transaction description832,Income
833,1,15,112.57,1711926000,Transaction description833,Expense
834,1,29,300.51,1700524800,Transaction description834,Expense
835,1,5,229.37,1704672000,Transaction description835,Income
836,1,31,491.76,1669852800,Transaction description836,Income
837,1,22,255.82,1699920000,Transaction description837,Expense
838,1,1,112.75,1677628800,Transaction description838,Expense
839,1,27,419.86,1710547200,Transaction description839,Expense
840,1,27,259.8,1653606000,Transaction description840,Income
841,1,30,390.16,1642636800,Transaction description841,Income
842,1,29,143.66,1689548400,Transaction description842,Expense
843,1,12,478.33,1676332800,Transaction description843,Income
844,1,19,291.79,1707264000,Transaction description844,Income
845,1,18,31.08,1718406000,Transaction description845,Expense
846,1,16,348.6,1726873200,Transaction description846,Expense
847,1,29,344.35,1685142000,Transaction description847,Income
848,1,28,47.38,1714604400,Transaction description848,Expense
849,1,12,74.19,1659654000,Transaction description849,Income
850,1,14,294.12,1680217200,Transaction description850,Income
851,1,4,286.26,1714345200,Transaction description851,Income
852,1,16,90.56,1693954800,Transaction description852,Income
853,1,29,412.66,1696633200,Transaction description853,Expense
854,1,15,368.76,1728342000,Transaction description854,Expense
855,1,19,325.12,1683414000,Transaction description855,Income
856,1,20,44.08,1697065200,Transaction description856,Expense
857,1,1,11.66,1698015600,Transaction description857,Expense
858,1,5,32.46,1693177200,Transaction description858,Expense
859,1,25,24.96,1669680000,Transaction description859,Income
860,1,6,205.99,1699228800,Transaction description860,Expense
861,1,16,224.16,1723676400,Transaction description861,Expense
862,1,1,101.51,1690066800,Transaction description862,Expense
863,1,2,244.64,1674259200,Transaction description863,Expense
864,1,17,466.84,1717110000,Transaction description864,Expense
865,1,25,454.41,1654988400,Transaction description865,Expense
866,1,10,263.67,1728082800,Transaction description866,Income
867,1,14,33.1,1687388400,Transaction description867,Income
868,1,8,88.04,1682550000,Transaction description868,Income
869,1,13,353.91,1716678000,Transaction description869,Expense
870,1,1,322.86,1707609600,Transaction description870,Expense
871,1,7,291.73,1659394800,Transaction description871,Income
872,1,23,200.48,1675036800,Transaction description872,Income
873,1,20,306.3,1661900400,Transaction description873,Expense
874,1,17,407.09,1651532400,Transaction description874,Expense
875,1,23,282.1,1661900400,Transaction description875,Expense
876,1,19,379.72,1656284400,Transaction description876,Income
877,1,19,454.01,1695769200,Transaction description877,Expense
878,1,21,359.92,1714950000,Transaction description878,Expense
879,1,10,405.56,1680044400,Transaction description879,Income
880,1,32,169.52,1673740800,Transaction description880,Expense
881,1,29,241.68,1692658800,Transaction description881,Expense
882,1,25,399.61,1687215600,Transaction description882,Expense
883,1,24,470.14,1666134000,Transaction description883,Income
884,1,5,354.0,1662678000,Transaction description884,Expense
885,1,25,349.89,1711065600,Transaction description885,Expense
886,1,16,189.73,1710892800,Transaction description886,Income
887,1,20,469.61,1693436400,Transaction description887,Income
888,1,22,331.15,1686006000,Transaction description888,Income
889,1,4,420.46,1713740400,Transaction description889,Income
890,1,31,335.36,1682809200,Transaction description890,Income
891,1,1,386.38,1681426800,Transaction description891,Expense
892,1,1,212.87,1684450800,Transaction description892,Income
893,1,21,335.78,1708992000,Transaction description893,Expense
894,1,24,236.74,1647302400,Transaction description894,Expense
895,1,31,390.82,1695337200,Transaction description895,Income
896,1,23,169.28,1692140400,Transaction description896,Income
897,1,19,315.28,1716591600,Transaction description897,Expense
898,1,18,95.26,1645920000,Transaction description898,Income
899,1,23,245.34,1643241600,Transaction description899,Income
900,1,15,450.49,1652310000,Transaction description900,Expense
901,1,30,146.81,1656802800,Transaction description901,Income
902,1,19,320.88,1695164400,Transaction description902,Income
903,1,9,424.44,1693436400,Transaction description903,Expense
904,1,32,81.06,1700784000,Transaction description904,Income
905,1,10,173.01,1726786800,Transaction description905,Expense
906,1,1,184.78,1665788400,Transaction description906,Income
907,1,19,210.22,1699315200,Transaction description907,Expense
908,1,25,188.67,1669420800,Transaction description908,Expense
909,1,25,54.23,1700524800,Transaction description909,Expense
910,1,4,149.71,1670803200,Transaction description910,Expense
911,1,25,268.08,1657062000,Transaction description911,Expense
912,1,20,132.87,1718838000,Transaction description912,Income
913,1,20,217.39,1657666800,Transaction description913,Expense
914,1,28,98.39,1660518000,Transaction description914,Income
915,1,19,320.77,1680994800,Transaction description915,Expense
916,1,13,425.66,1663628400,Transaction description916,Expense
917,1,14,425.99,1664146800,Transaction description917,Income
918,1,29,226.84,1679443200,Transaction description918,Income
919,1,26,363.75,1672012800,Transaction description919,Income
920,1,3,304.87,1715641200,Transaction description920,Income
921,1,17,392.58,1701993600,Transaction description921,Expense
922,1,26,460.45,1659308400,Transaction description922,Expense
923,1,27,150.77,1642723200,Transaction description923,Income
924,1,8,387.75,1668470400,Transaction description924,Income
925,1,21,423.89,1662505200,Transaction description925,Expense
926,1,12,230.2,1650754800,Transaction description926,Expense
927,1,13,277.25,1694214000,Transaction description927,Expense
928,1,29,240.75,1703548800,Transaction description928,Expense
929,1,22,121.12,1659481200,Transaction description929,Income
930,1,30,216.19,1665615600,Transaction description930,Income
931,1,2,238.46,1687042800,Transaction description931,Expense
932,1,25,388.27,1723503600,Transaction description932,Income
933,1,2,138.41,1684537200,Transaction description933,Expense
934,1,5,410.97,1704326400,Transaction description934,Expense
935,1,21,375.88,1691622000,Transaction description935,Income
936,1,3,46.53,1648252800,Transaction description936,Income
937,1,32,251.93,1655679600,Transaction description937,Income
938,1,28,228.54,1715814000,Transaction description938,Expense
939,1,32,234.29,1657580400,Transaction description939,Income
940,1,10,349.16,1655247600,Transaction description940,Income
941,1,20,368.9,1657753200,Transaction description941,Expense
942,1,29,176.39,1688943600,Transaction description942,Expense
943,1,7,158.38,1647734400,Transaction description943,Expense
944,1,22,134.83,1715900400,Transaction description944,Income
945,1,13,75.11,1718838000,Transaction description945,Income
946,1,9,157.86,1721257200,Transaction description946,Expense
947,1,21,40.24,1685919600,Transaction description947,Income
948,1,14,317.15,1710201600,Transaction description948,Income
949,1,1,75.88,1663455600,Transaction description949,Income
950,1,23,450.25,1721948400,Transaction description950,Income
951,1,21,472.43,1665356400,Transaction description951,Expense
952,1,7,224.6,1671148800,Transaction description952,Expense
953,1,6,363.12,1718751600,Transaction description953,Expense
954,1,25,80.39,1717196400,Transaction description954,Income
955,1,28,424.63,1729551600,Transaction description955,Income
956,1,11,232.82,1688770800,Transaction description956,Income
957,1,28,31.09,1692831600,Transaction description957,Income
958,1,14,41.03,1703721600,Transaction description958,Expense
959,1,13,43.37,1711065600,Transaction description959,Income
960,1,13,186.25,1649026800,Transaction description960,Expense
961,1,6,423.32,1677196800,Transaction description961,Income
962,1,25,102.74,1669334400,Transaction description962,Expense
963,1,16,67.77,1676073600,Transaction description963,Income
964,1,13,197.95,1680649200,Transaction description964,Income
965,1,6,285.67,1669852800,Transaction description965,Income
966,1,5,418.98,1680822000,Transaction description966,Expense
967,1,19,432.07,1693004400,Transaction description967,Expense
968,1,22,477.68,1700697600,Transaction description968,Income
969,1,24,129.59,1652914800,Transaction description969,Income
970,1,16,142.43,1699401600,Transaction description970,Expense
971,1,18,319.16,1681945200,Transaction description971,Expense
972,1,5,435.6,1649977200,Transaction description972,Expense
973,1,5,220.69,1729378800,Transaction description973,Expense
974,1,8,238.58,1712703600,Transaction description974,Income
975,1,29,124.31,1669248000,Transaction description975,Income
976,1,15,198.73,1669334400,Transaction description976,Income
977,1,20,184.28,1695078000,Transaction description977,Expense
978,1,19,433.17,1729465200,Transaction description978,Expense
979,1,20,222.67,1707868800,Transaction description979,Expense
980,1,18,393.22,1649026800,Transaction description980,Expense
981,1,14,159.16,1668384000,Transaction description981,Income
982,1,19,242.0,1707955200,Transaction description982,Expense
983,1,6,348.23,1691017200,Transaction description983,Income
984,1,3,447.68,1709510400,Transaction description984,Expense
985,1,15,96.56,1669680000,Transaction description985,Expense
986,1,31,458.09,1709164800,Transaction description986,Income
987,1,13,109.87,1650668400,Transaction description987,Income
988,1,5,495.39,1719270000,Transaction description988,Income
989,1,17,287.34,1677715200,Transaction description989,Income
990,1,17,333.91,1680908400,Transaction description990,Expense
991,1,27,263.47,1704067200,Transaction description991,Income
992,1,24,454.06,1704499200,Transaction description992,Expense
993,1,14,166.02,1645574400,Transaction description993,Expense
994,1,24,32.18,1675123200,Transaction description994,Expense
995,1,31,411.14,1704412800,Transaction description995,Income
996,1,11,455.71,1677801600,Transaction description996,Expense
997,1,12,166.86,1718665200,Transaction description997,Expense
998,1,17,372.13,1719442800,Transaction description998,Income
999,1,14,265.0,1686697200,Transaction description999,Expense
